{"cameraMode":{"drawMode":0,"name":"Shaded","section":"Shading Mode"},"sceneLighting":false,"audioPlay":false,"sceneViewState":{"showFog":true,"showMaterialUpdate":true,"showSkybox":false,"showFlares":true,"showImageEffects":true,"showParticleSystems":true},"in2DMode":false,"pivot":{"x":0.10986524075269699,"y":1.8802907466888428,"z":1.1684237718582154},"rotation":{"x":0.1348680704832077,"y":-0.01813754439353943,"z":0.0024429280310869219,"w":0.9907136559486389},"size":0.35510244965553286,"orthographic":true}