{"cameraMode":{"drawMode":0,"name":"Shaded","section":"Shading Mode"},"sceneLighting":true,"audioPlay":false,"sceneViewState":{"showFog":true,"showMaterialUpdate":true,"showSkybox":true,"showFlares":true,"showImageEffects":true,"showParticleSystems":true},"in2DMode":false,"pivot":{"x":7.644419193267822,"y":1.4094725847244263,"z":22.671470642089845},"rotation":{"x":0.13750097155570985,"y":-0.029710324481129648,"z":0.004126606974750757,"w":0.9900509119033814},"size":8.012408256530762,"orthographic":true}