{"cameraMode":{"drawMode":0,"name":"Shaded","section":"Shading Mode"},"sceneLighting":false,"audioPlay":false,"sceneViewState":{"showFog":true,"showMaterialUpdate":true,"showSkybox":false,"showFlares":true,"showImageEffects":true,"showParticleSystems":true},"in2DMode":false,"pivot":{"x":-0.01025739312171936,"y":1.9691247940063477,"z":1.1739270687103272},"rotation":{"x":0.24382148683071137,"y":0.00115786527749151,"z":-0.0003099257592111826,"w":0.9698367118835449},"size":0.3992708623409271,"orthographic":true}